,addresses,importance,latitude,longitude,prices,sale_dates,Newbuild,Non-Newbuild,Detached,Flat,Semi Detached,Terraced,Freehold,Leasehold,amenity,building,highway,place,shop,convenience,footway,house,living_street,primary,pub,residential,restaurant,secondary,service,suburb,tertiary,trunk,uncategoryified,yes
0,"91 Dames Road, London, E7 0DW",0.61,51.5539018,0.0233915,420000.0,2018-09-25,0,1,0,0,0,1,1,0,0,0,1,0,0,0,0,0,0,0,0,0,0,1,0,0,0,0,0,0
1,"82 Ramsay Road, London, E7 9EW",0.51,51.5569088,0.017585,420000.0,2018-09-25,0,1,0,0,0,1,1,0,0,0,1,0,0,0,0,0,0,0,0,1,0,0,0,0,0,0,0,0
2,"21 Mandela Street, London, SW9 6EL",0.52,51.4785331,-0.110912,560000.0,2018-09-25,0,1,0,0,0,1,1,0,0,0,1,0,0,0,0,0,0,0,0,1,0,0,0,0,0,0,0,0
3,"115 Murray Road, London, W5 4DB",0.51,51.4936125,-0.3132106,495000.0,2018-09-24,0,1,0,0,0,1,0,1,0,0,1,0,0,0,0,0,0,0,0,1,0,0,0,0,0,0,0,0
4,"55 Briar Avenue, London, SW16 3AB",0.61,51.4176125,-0.1197986,535000.0,2018-09-24,0,1,0,0,1,0,1,0,0,0,1,0,0,0,0,0,0,0,0,1,0,0,0,0,0,0,0,0
5,"26 Carlingford Road, London, N15 3EH",0.61,51.5894258,-0.0974695,500000.0,2018-09-24,0,1,0,0,0,1,1,0,0,0,1,0,0,0,0,0,0,0,0,1,0,0,0,0,0,0,0,0
6,"30 Darwin Road, London, W5 4BD",0.51,51.4947089,-0.3059546,820000.0,2018-09-24,0,1,0,0,0,1,1,0,0,0,1,0,0,0,0,0,0,0,0,1,0,0,0,0,0,0,0,0
7,"Flat 2 59 Dalston Lane, London, E8 2NG",0.62,51.5462797,-0.0699216,795000.0,2018-09-24,0,1,0,1,0,0,0,1,0,0,1,0,0,0,0,0,0,1,0,0,0,0,0,0,0,0,0,0
8,"5 Griffins Close, London, N21 2EW",0.61,51.633648,-0.0846013,920000.0,2018-09-24,0,1,1,0,0,0,1,0,0,0,1,0,0,0,0,0,0,0,0,1,0,0,0,0,0,0,0,0
9,"56 Chatham Road, Walthamstow, London, E17 6EU",0.41,51.5948356,0.0153564,660000.0,2018-09-21,0,1,0,0,0,1,1,0,0,0,1,0,0,0,0,0,0,0,0,1,0,0,0,0,0,0,0,0
10,"42 Elm Park Road, London, N3 1EB",0.521,51.48630785,-0.17676975,1112500.0,2018-09-21,0,1,0,0,0,1,1,0,0,0,0,1,0,0,0,1,0,0,0,0,0,0,0,0,0,0,0,0
11,"47 Stanley Road, London, SW14 7EB",0.421,51.352929,-0.1621619,650000.0,2018-09-21,0,1,0,0,0,1,1,0,0,0,0,0,1,1,0,0,0,0,0,0,0,0,0,0,0,0,0,0
12,"354a North End Road, London, SW6 1LY",0.71,51.4810658,-0.1991401,500000.0,2018-09-21,0,1,0,1,0,0,0,1,0,0,1,0,0,0,0,0,0,0,0,0,0,1,0,0,0,0,0,0
13,"137 Rusthall Avenue, London, W4 1BL",0.51,51.4991882,-0.2609926,1260000.0,2018-09-21,0,1,0,0,0,1,1,0,0,0,1,0,0,0,0,0,0,0,0,1,0,0,0,0,0,0,0,0
14,"193 Grangehill Road, London, SE9 1SR",0.51,51.4635317,0.0567287,525000.0,2018-09-21,0,1,0,0,0,1,1,0,0,0,1,0,0,0,0,0,0,0,0,0,0,0,0,0,1,0,0,0
15,"9 Rotherwick Road, London, NW11 7DG",0.51,51.5741202,-0.1932932,1510000.0,2018-09-21,0,1,0,0,1,0,1,0,0,0,1,0,0,0,0,0,0,0,0,1,0,0,0,0,0,0,0,0
16,"40 Paddock Road, London, NW2 7DL",0.51,51.5641837,-0.237102,630000.0,2018-09-21,0,1,0,0,1,0,1,0,0,0,1,0,0,0,0,0,0,0,0,0,0,0,0,0,0,0,1,0
17,"33 Highclere Street, London, SE26 4EX",0.51,51.4280203,-0.0426623,410000.0,2018-09-21,0,1,0,0,0,1,1,0,0,0,1,0,0,0,0,0,0,0,0,1,0,0,0,0,0,0,0,0
18,"34 Linden Avenue, London, NW10 5RL",0.621,51.53346945,-0.220749544778,1225000.0,2018-09-21,0,1,0,0,1,0,1,0,0,1,0,0,0,0,0,0,0,0,0,0,0,0,0,0,0,0,0,1
19,"37 Narcissus Road, London, NW6 1TL",0.51,51.5509169,-0.1958482,1475000.0,2018-09-21,0,1,0,0,0,1,1,0,0,0,1,0,0,0,0,0,0,0,0,1,0,0,0,0,0,0,0,0
20,"22 Gordon Road, South Woodford, London, E18 1DN",0.72,51.5974888,0.0340419,580000.0,2018-09-21,0,1,0,0,1,0,1,0,0,0,1,0,0,0,0,0,0,0,0,1,0,0,0,0,0,0,0,0
21,"239 New Kings Road, London, SW6 4XG",0.61,51.4727014,-0.2002992,2531630.0,2018-09-21,0,1,0,0,0,1,1,0,0,0,1,0,0,0,0,0,0,1,0,0,0,0,0,0,0,0,0,0
22,"16 Old Farm Avenue, London, N14 5QP",0.71,51.6377252,-0.1322814,900000.0,2018-09-21,0,1,0,0,0,1,1,0,0,0,1,0,0,0,0,0,0,0,0,1,0,0,0,0,0,0,0,0
23,"47 Uphill Grove, Mill Hill, London, NW7 4NH",0.71,51.6196727,-0.2454261,950000.0,2018-09-21,0,1,1,0,0,0,1,0,0,0,1,0,0,0,0,0,0,0,0,1,0,0,0,0,0,0,0,0
24,"17 Holders Hill Drive, London, NW4 1NL",0.71,51.5959511,-0.2114858,770000.0,2018-09-21,0,1,0,0,1,0,1,0,0,0,1,0,0,0,0,0,0,0,0,1,0,0,0,0,0,0,0,0
25,"21 Lynwood Road, London, W5 1JQ",0.61,51.5284927,-0.2998527,910000.0,2018-09-21,0,1,0,0,0,1,1,0,0,0,1,0,0,0,0,0,0,0,0,1,0,0,0,0,0,0,0,0
26,"19d Claverton Street, London, SW1V 3AY",0.51,51.4863638,-0.1377436,480000.0,2018-09-21,0,1,0,1,0,0,0,1,0,0,1,0,0,0,0,0,0,0,0,0,0,0,0,0,1,0,0,0
27,"47 College Road, London, NW10 5EL",0.621,51.5319981,-0.225845161307,990000.0,2018-09-21,0,1,0,0,0,1,1,0,0,1,0,0,0,0,0,0,0,0,0,0,0,0,0,0,0,0,0,1
28,"25 Amherst Avenue, London, W13 8NQ",0.52,51.5174217,-0.3142334,1726000.0,2018-09-21,0,1,0,0,1,0,1,0,0,0,1,0,0,0,0,0,0,0,0,1,0,0,0,0,0,0,0,0
29,"Flat 5 8 Warminster Road, London, SE25 4DZ",0.61,51.4055955,-0.073615,125000.0,2018-09-21,0,1,0,1,0,0,0,1,0,0,1,0,0,0,0,0,0,0,0,1,0,0,0,0,0,0,0,0
30,"39 Exbury Road, London, SE6 4NB",0.51,51.4385882,-0.0300239,548500.0,2018-09-21,0,1,0,0,1,0,0,1,0,0,1,0,0,0,0,0,0,0,0,1,0,0,0,0,0,0,0,0
31,"121 Ossulton Way, London, N2 0JS",0.51,51.5857298,-0.1808624,435000.0,2018-09-21,0,1,0,1,0,0,0,1,0,0,1,0,0,0,0,0,0,0,0,0,0,0,0,0,1,0,0,0
32,"2 Barnfield Close, London, SW17 0AU",0.61,51.4348981,-0.1814536,400000.0,2018-09-21,0,1,0,1,0,0,0,1,0,0,1,0,0,0,0,0,0,0,0,1,0,0,0,0,0,0,0,0
33,"4 Second Avenue, London, SW14 8QE",0.421,51.5304788,0.157042300234,1375000.0,2018-09-21,0,1,0,0,0,1,1,0,0,1,0,0,0,0,0,0,0,0,0,0,0,0,0,0,0,0,0,1
34,"39 Foxley Road, London, SW9 6EX",0.52,51.4802687,-0.1083606,800000.0,2018-09-21,0,1,1,0,0,0,1,0,0,0,1,0,0,0,0,0,0,0,0,0,0,0,0,0,1,0,0,0
35,"8 Mercator Road, London, SE13 5EN",0.51,51.4607198,-0.003689,245000.0,2018-09-21,0,1,0,1,0,0,0,1,0,0,1,0,0,0,0,0,0,0,0,1,0,0,0,0,0,0,0,0
36,"13b Mayflower Road, London, SW9 9JY",0.51,51.4676598,-0.1266287,494000.0,2018-09-21,0,1,0,1,0,0,0,1,0,0,1,0,0,0,0,0,0,0,0,1,0,0,0,0,0,0,0,0
37,"Flat 4 26 Harcourt Terrace, London, SW10 9JR",0.51,51.4872208,-0.1861801,1300000.0,2018-09-21,0,1,0,1,0,0,0,1,0,0,1,0,0,0,0,0,0,0,0,1,0,0,0,0,0,0,0,0
38,"7 Hoppers Road, London, N21 3LN",0.51,51.6327064,-0.1027908,1125000.0,2018-09-21,0,1,1,0,0,0,1,0,0,0,1,0,0,0,0,0,0,0,0,0,0,0,0,0,1,0,0,0
39,"13 Herndon Road, London, SW18 2DQ",0.51,51.457195,-0.1871623,515000.0,2018-09-21,0,1,0,1,0,0,0,1,0,0,1,0,0,0,0,0,0,0,0,1,0,0,0,0,0,0,0,0
40,"40a Gurdon Road, London, SE7 7RW",0.51,51.4857758,0.022448,570000.0,2018-09-21,0,1,0,0,0,1,1,0,0,0,1,0,0,0,0,0,0,0,0,1,0,0,0,0,0,0,0,0
41,"144 Humber Road, London, SE3 7LY",0.51,51.4832281,0.0143164,1600000.0,2018-09-21,0,1,0,0,1,0,1,0,0,0,1,0,0,0,0,0,0,0,0,1,0,0,0,0,0,0,0,0
42,"14 Meadowbank Road, London, NW9 8LH",0.61,51.5761882,-0.2597096,515000.0,2018-09-20,0,1,0,0,0,1,1,0,0,0,1,0,0,0,0,0,0,0,0,1,0,0,0,0,0,0,0,0
43,"49 Lavender Sweep, London, SW11 1DY",0.61,51.4639911,-0.1647363,1105000.0,2018-09-20,0,1,0,0,0,1,1,0,0,0,1,0,0,0,0,0,0,0,0,1,0,0,0,0,0,0,0,0
44,"12 Britannia Close, London, SW4 7NN",0.51,51.4598591,-0.1322866,700000.0,2018-09-20,0,1,0,0,0,1,1,0,0,0,1,0,0,0,0,0,0,0,0,1,0,0,0,0,0,0,0,0
45,"297a Glyn Road, London, E5 0JP",0.52,51.5563471,-0.0430312,250000.0,2018-09-20,0,1,0,1,0,0,0,1,0,0,1,0,0,0,0,0,0,0,0,1,0,0,0,0,0,0,0,0
46,"13a Moresby Road, London, E5 9LE",0.51,51.5670496,-0.0567479,525000.0,2018-09-20,0,1,0,0,0,1,0,1,0,0,1,0,0,0,0,0,0,0,0,1,0,0,0,0,0,0,0,0
47,"68 Westfield Road, London, W13 9JA",0.51,51.5084213,-0.3230353,755000.0,2018-09-20,0,1,0,0,0,1,1,0,0,0,1,0,0,0,0,0,0,0,0,1,0,0,0,0,0,0,0,0
48,"54 Raymond Road, London, E13 0SW",0.51,51.5366203,0.0337341,350000.0,2018-09-20,0,1,0,0,0,1,1,0,0,0,1,0,0,0,0,0,0,0,0,1,0,0,0,0,0,0,0,0
49,"50 Wrexham Road, London, E3 2TJ",0.531,51.5306545806,-0.0185508516129,780000.0,2018-09-20,0,1,0,1,0,0,1,0,0,0,0,1,0,0,0,1,0,0,0,0,0,0,0,0,0,0,0,0
50,"39 Lyric Road, London, SW13 9QA",0.61,51.4748432,-0.249411,680000.0,2018-09-20,0,1,0,1,0,0,0,1,0,0,1,0,0,0,0,0,0,0,0,1,0,0,0,0,0,0,0,0
51,"11 Dundonald Road, London, NW10 3HP",0.621,51.5372957,-0.217896539168,1850000.0,2018-09-20,0,1,0,0,1,0,1,0,0,1,0,0,0,0,0,0,0,0,0,0,0,0,0,0,0,0,0,1
52,"20 Deerdale Road, London, SE24 0AW",0.61,51.4621463,-0.099226,527500.0,2018-09-20,0,1,0,1,0,0,0,1,0,0,1,0,0,0,0,0,0,0,0,1,0,0,0,0,0,0,0,0
53,"6 Melbourne Road, London, SW19 3BA",0.421,51.5724843222,-0.0166140666667,700000.0,2018-09-20,0,1,0,0,0,1,1,0,0,0,0,1,0,0,0,1,0,0,0,0,0,0,0,0,0,0,0,0
54,"62 Clarence Road, London, SW19 8QE",0.421,51.5951249357,-0.0381614214286,950000.0,2018-09-20,0,1,0,0,0,1,1,0,0,0,0,1,0,0,0,1,0,0,0,0,0,0,0,0,0,0,0,0
55,"14 Ormesby Close, London, SE28 8NA",0.61,51.5077926,0.1267814,290000.0,2018-09-20,0,1,0,0,0,1,1,0,0,0,1,0,0,0,0,0,0,0,0,1,0,0,0,0,0,0,0,0
56,"23 Broadhinton Road, London, SW4 0LT",0.51,51.4664008,-0.1459576,1600000.0,2018-09-20,0,1,0,0,0,1,1,0,0,0,1,0,0,0,0,0,0,0,0,1,0,0,0,0,0,0,0,0
57,"117 Leslie Road, East Finchley, London, N2 8BH",0.62,51.5931234,-0.169714,556000.0,2018-09-19,0,1,0,1,0,0,0,1,0,0,1,0,0,0,0,0,0,0,0,1,0,0,0,0,0,0,0,0
58,"38a Foxley Road, London, SW9 6ES",0.52,51.4802687,-0.1083606,570000.0,2018-09-19,0,1,0,1,0,0,0,1,0,0,1,0,0,0,0,0,0,0,0,0,0,0,0,0,1,0,0,0
59,"20 Sheen Gate Gardens, London, SW14 7NY",0.62,51.4631919,-0.2692092,792500.0,2018-09-19,0,1,0,0,0,1,1,0,0,0,1,0,0,0,0,0,0,0,0,1,0,0,0,0,0,0,0,0
60,"67 Felhampton Road, London, SE9 3NT",0.61,51.4333161,0.0652884,515000.0,2018-09-19,0,1,0,0,1,0,1,0,0,0,1,0,0,0,0,0,0,0,0,1,0,0,0,0,0,0,0,0
61,"7 Maitland Road, London, SE26 5NN",0.61,51.4197923,-0.0510817,690000.0,2018-09-19,0,1,0,0,0,1,1,0,0,0,1,0,0,0,0,0,0,0,0,1,0,0,0,0,0,0,0,0
62,"35 Clavering Avenue, London, SW13 8DX",0.61,51.4861474,-0.2310689,1510000.0,2018-09-19,0,1,0,0,0,1,1,0,0,0,1,0,0,0,0,0,0,0,0,1,0,0,0,0,0,0,0,0
63,"34 Leyborne Avenue, London, W13 9RA",0.51,51.5043815,-0.3145557,815000.0,2018-09-19,0,1,0,0,0,1,1,0,0,0,1,0,0,0,0,0,0,0,0,1,0,0,0,0,0,0,0,0
64,"18 The Green, London, W3 7PQ",0.61,51.5181491,-0.2520984,400000.0,2018-09-19,0,1,0,0,1,0,1,0,0,0,1,0,0,0,0,0,0,0,0,1,0,0,0,0,0,0,0,0
65,"94 Gellatly Road, London, SE14 5TT",0.61,51.467521,-0.0496296,740000.0,2018-09-19,0,1,0,0,0,1,1,0,0,0,1,0,0,0,0,0,0,0,0,0,0,1,0,0,0,0,0,0
66,"Flat 1 27 Fairbridge Road, London, N19 3EW",0.61,51.5664383,-0.1266358,750000.0,2018-09-19,0,1,0,1,0,0,0,1,0,0,1,0,0,0,0,0,0,0,0,1,0,0,0,0,0,0,0,0
67,"11 Fuller Close, London, E2 6DX",0.41,51.357263,0.0938378,490000.0,2018-09-19,0,1,0,1,0,0,0,1,0,0,1,0,0,0,0,0,0,0,0,1,0,0,0,0,0,0,0,0
68,"72 Eleanor Road, London, E8 1DN",0.61,51.5444838,-0.0602196,1300000.0,2018-09-18,0,1,0,0,0,1,1,0,0,0,1,0,0,0,0,0,0,0,0,1,0,0,0,0,0,0,0,0
69,"6 Princethorpe Road, London, SE26 4PF",0.71,51.4284636,-0.0489982,775000.0,2018-09-18,0,1,0,0,0,1,1,0,0,0,1,0,0,0,0,0,0,0,0,1,0,0,0,0,0,0,0,0
70,"19 Upwood Road, London, SW16 5RB",0.61,51.4104175,-0.1269411,450000.0,2018-09-18,0,1,0,0,0,1,1,0,0,0,1,0,0,0,0,0,0,0,0,1,0,0,0,0,0,0,0,0
71,"31 Chivers Road, London, E4 9TD",0.52,51.6182234,-0.0107052,325000.0,2018-09-18,0,1,0,0,0,1,1,0,0,0,1,0,0,0,0,0,0,0,0,1,0,0,0,0,0,0,0,0
72,"38 Lammas Green, London, SE26 6LT",0.61,51.4355005,-0.0649534,617000.0,2018-09-18,0,1,0,0,0,1,1,0,0,0,1,0,0,0,0,0,0,0,0,1,0,0,0,0,0,0,0,0
73,"204 Colchester Road, Leyton, London, E10 6HQ",0.63,51.5732123,-0.0042404,200000.0,2018-09-18,0,1,0,0,0,1,1,0,0,0,1,0,0,0,0,0,0,0,0,1,0,0,0,0,0,0,0,0
74,"46 Anhalt Road, London, SW11 4NX",0.51,51.4803265,-0.1667607,2575000.0,2018-09-18,0,1,0,0,0,1,1,0,0,0,1,0,0,0,0,0,0,0,0,1,0,0,0,0,0,0,0,0
75,"Flat 1 32 Manor View, London, N3 2SS",0.51,51.5969736,-0.1872666,493000.0,2018-09-18,0,1,0,1,0,0,0,1,0,0,1,0,0,0,0,0,0,0,0,0,0,0,0,0,1,0,0,0
76,"39 Chester Close North, London, NW1 4JE",0.685,51.5292838,-0.1447901,2450000.0,2018-09-18,0,1,0,0,0,1,0,1,0,0,1,0,0,0,0,0,0,0,0,0,0,0,1,0,0,0,0,0
77,"74 Cadogan Place, London, SW1X 9RP",0.61,51.4947206,-0.1570106,6800000.0,2018-09-18,0,1,1,0,0,0,1,0,0,0,1,0,0,0,0,0,0,0,0,1,0,0,0,0,0,0,0,0
78,"18 De Walden Street, London, W1G 8RN",0.621,51.5191499,-0.1502837,1550000.0,2018-09-18,0,1,0,1,0,0,0,1,0,0,0,1,0,0,0,1,0,0,0,0,0,0,0,0,0,0,0,0
79,"30 Sandhurst Road, London, N9 8AY",0.61,51.6387059,-0.0419334,273000.0,2018-09-18,0,1,0,1,0,0,0,1,0,0,1,0,0,0,0,0,0,0,0,1,0,0,0,0,0,0,0,0
80,"12 Harlow Road, London, N13 5QT",0.61,51.6232639,-0.0859317,487500.0,2018-09-18,0,1,0,0,0,1,1,0,0,0,1,0,0,0,0,0,0,0,0,1,0,0,0,0,0,0,0,0
81,"167 Landells Road, East Dulwich, London, SE22 9PL",0.721,51.4532511,-0.0717479325754,750000.0,2018-09-18,0,1,0,0,0,1,1,0,0,1,0,0,0,0,0,0,0,0,0,0,0,0,0,0,0,0,0,1
82,"79 Walfield Avenue, London, N20 9PS",0.621,51.63984375,-0.181075278846,665000.0,2018-09-18,0,1,0,0,1,0,1,0,0,1,0,0,0,0,0,0,0,0,0,0,0,0,0,0,0,0,0,1
83,"86a Venner Road, London, SE26 5HP",0.51,51.4229404,-0.055164,299995.0,2018-09-18,0,1,0,0,1,0,1,0,0,0,1,0,0,0,0,0,0,0,0,1,0,0,0,0,0,0,0,0
84,"3 Mcdowall Road, London, SE5 9LD",0.51,51.4734974,-0.0991796,800000.0,2018-09-18,0,1,0,0,0,1,1,0,0,0,1,0,0,0,0,0,0,0,0,1,0,0,0,0,0,0,0,0
85,"10 Hamlet Road, London, SE19 2AW",0.621,51.4156466,-0.0734535912698,950000.0,2018-09-18,0,1,0,1,0,0,1,0,0,1,0,0,0,0,0,0,0,0,0,0,0,0,0,0,0,0,0,1
86,"22 Ashcombe Street, London, SW6 3AN",0.51,51.4706313,-0.1921625,1275000.0,2018-09-18,0,1,0,0,0,1,1,0,0,0,1,0,0,0,0,0,0,0,0,1,0,0,0,0,0,0,0,0
87,"42 Ankerdine Crescent, Shooters Hill, London, SE18 3LQ",0.71,51.4722541,0.0656709,390000.0,2018-09-18,0,1,0,0,0,1,1,0,0,0,1,0,0,0,0,0,0,0,0,1,0,0,0,0,0,0,0,0
88,"14 Waldstock Road, London, SE28 8SF",0.61,51.5048514,0.1073577,313000.0,2018-09-18,0,1,0,0,0,1,1,0,0,0,1,0,0,0,0,0,0,0,0,1,0,0,0,0,0,0,0,0
89,"31 Wilton Avenue, London, W4 2HX",0.61,51.4893842,-0.2537957,1385000.0,2018-09-17,0,1,0,0,0,1,1,0,0,0,1,0,0,0,0,0,0,0,0,1,0,0,0,0,0,0,0,0
90,"59 Hazlewell Road, London, SW15 6UT",0.51,51.459432,-0.2271502,2500000.0,2018-09-17,0,1,0,0,1,0,1,0,0,0,1,0,0,0,0,0,0,0,0,1,0,0,0,0,0,0,0,0
91,"33 Pollards Hill West, London, SW16 4NU",0.61,51.4021908,-0.1244888,666800.0,2018-09-17,0,1,1,0,0,0,1,0,0,0,1,0,0,0,0,0,0,0,0,1,0,0,0,0,0,0,0,0
92,"217a Well Street, London, E9 6QU",0.61,51.5433086,-0.0476794,560000.0,2018-09-17,0,1,0,1,0,0,0,1,0,0,1,0,0,0,0,0,0,0,0,0,0,0,0,0,1,0,0,0
93,"45 Gore Road, London, SW20 8JN",0.621,51.4076442,-0.228660905767,715000.0,2018-09-17,0,1,0,0,0,1,1,0,0,1,0,0,0,0,0,0,0,0,0,0,0,0,0,0,0,0,0,1
94,"28 Egerton Crescent, London, SW3 2EB",0.61,51.4952295,-0.1675573,8000000.0,2018-09-17,0,1,0,0,0,1,1,0,0,0,1,0,0,0,0,0,0,0,0,1,0,0,0,0,0,0,0,0
95,"116 Harold Road, Chingford, London, E4 9SW",0.63,51.6204673,-0.0049013,490000.0,2018-09-17,0,1,0,0,0,1,1,0,0,0,1,0,0,0,0,0,0,0,0,1,0,0,0,0,0,0,0,0
96,"10 Torbay Road, London, NW6 7DY",0.521,51.5412157,-0.203431337569,1230000.0,2018-09-17,0,1,0,0,0,1,1,0,0,1,0,0,0,0,0,0,0,0,0,0,0,0,0,0,0,0,0,1
97,"15 Esther Road, London, E11 1JB",0.52,51.5729588,0.009288,618100.0,2018-09-17,0,1,0,0,0,1,1,0,0,0,1,0,0,0,0,0,0,0,0,1,0,0,0,0,0,0,0,0
98,"4 Oakhurst Gardens, London, E4 6BQ",0.41,51.5852504,0.0092547,805000.0,2018-09-17,0,1,0,0,1,0,1,0,0,0,1,0,0,0,0,0,0,0,0,1,0,0,0,0,0,0,0,0
99,"33 Brunswick Road, London, E10 6RP",0.61,51.5669123,-0.0085023,425100.0,2018-09-17,0,1,0,1,0,0,0,1,0,0,1,0,0,0,0,0,0,0,0,1,0,0,0,0,0,0,0,0
100,"52 Garner Road, London, E17 4HQ",0.531,51.5981412164,-0.00780068196721,485000.0,2018-09-17,0,1,0,0,0,1,1,0,0,0,0,1,0,0,0,1,0,0,0,0,0,0,0,0,0,0,0,0
101,"17 Victoria Park Square, London, E2 9PB",0.621,51.5286282,-0.0535780516849,3400000.0,2018-09-17,0,1,0,0,0,1,1,0,0,1,0,0,0,0,0,0,0,0,0,0,0,0,0,0,0,0,0,1
102,"21 Cissbury Ring North, London, N12 7AL",0.61,51.6172715,-0.1950061,865000.0,2018-09-17,0,1,0,0,1,0,1,0,0,0,1,0,0,0,0,0,0,0,0,1,0,0,0,0,0,0,0,0
103,"4 Garnham Close, London, N16 7LF",0.51,51.5624773,-0.071842,456000.0,2018-09-17,0,1,0,1,0,0,0,1,0,0,1,0,0,0,0,0,0,0,0,1,0,0,0,0,0,0,0,0
104,"22 Summerlee Gardens, London, N2 9QN",0.61,51.5876348,-0.1607963,1190000.0,2018-09-17,0,1,0,0,0,1,1,0,0,0,1,0,0,0,0,0,0,0,0,1,0,0,0,0,0,0,0,0
105,"2 Strand School Approach, London, W4 3RN",0.585,51.4868598,-0.2809332,750000.0,2018-09-17,0,1,0,0,0,1,1,0,0,0,1,0,0,0,0,0,0,0,0,0,0,0,1,0,0,0,0,0
106,"56 Leslie Road, East Finchley, London, N2 8BJ",0.62,51.5931234,-0.169714,455000.0,2018-09-17,0,1,0,1,0,0,0,1,0,0,1,0,0,0,0,0,0,0,0,1,0,0,0,0,0,0,0,0
107,"Flat 1 4 Roland Gardens, London, SW7 3PH",0.51,51.4890702,-0.1799172,1300000.0,2018-09-17,0,1,0,1,0,0,0,1,0,0,1,0,0,0,0,0,0,0,0,1,0,0,0,0,0,0,0,0
108,"38 Braemar Gardens, London, NW9 5LB",0.61,51.6005851,-0.2552783,570000.0,2018-09-17,0,1,0,0,1,0,1,0,0,0,1,0,0,0,0,0,0,0,0,1,0,0,0,0,0,0,0,0
109,"17 Sutherland Road, London, N9 7QE",0.421,51.5905384216,-0.0350038204667,360000.0,2018-09-17,0,1,0,0,0,1,1,0,0,0,0,1,0,0,0,1,0,0,0,0,0,0,0,0,0,0,0,0
110,"63 Foxbourne Road, Balham, London, SW17 8EN",0.631,51.439398125,-0.152912191667,701000.0,2018-09-17,0,1,0,1,0,0,0,1,0,0,0,1,0,0,0,1,0,0,0,0,0,0,0,0,0,0,0,0
111,"29 Cranley Gardens, London, SW7 3BD",0.51,51.4894172,-0.1785934,2000000.0,2018-09-17,0,1,0,1,0,0,0,1,0,0,1,0,0,0,0,0,0,0,0,1,0,0,0,0,0,0,0,0
112,"7 Coombe Road, London, W4 2HR",0.61,51.4900789,-0.2536155,850000.0,2018-09-17,0,1,0,0,0,1,1,0,0,0,1,0,0,0,0,0,0,0,0,1,0,0,0,0,0,0,0,0
113,"110 Fairlop Road, Leytonstone, London, E11 1BW",0.631,51.5686496538,0.0061941,330000.0,2018-09-17,0,1,0,1,0,0,0,1,0,0,0,1,0,0,0,1,0,0,0,0,0,0,0,0,0,0,0,0
114,"32a Hurstbourne Road, London, SE23 2AB",0.51,51.4401044,-0.0385265,475000.0,2018-09-17,0,1,0,1,0,0,0,1,0,0,1,0,0,0,0,0,0,0,0,1,0,0,0,0,0,0,0,0
115,"23a Trentham Street, London, SW18 5AS",0.51,51.4425161,-0.2002201,748000.0,2018-09-17,0,1,0,1,0,0,0,1,0,0,1,0,0,0,0,0,0,0,0,1,0,0,0,0,0,0,0,0
116,"2h Leyland Road, London, SE12 8DU",0.51,51.4520366,0.0144377,223500.0,2018-09-17,0,1,0,1,0,0,0,1,0,0,1,0,0,0,0,0,0,0,0,1,0,0,0,0,0,0,0,0
117,"45 Shillingford Close, London, NW7 1HQ",0.51,51.607517,-0.2130972,425000.0,2018-09-14,0,1,0,1,0,0,0,1,0,0,1,0,0,0,0,0,0,0,0,1,0,0,0,0,0,0,0,0
118,"46 Mafeking Avenue, London, E6 3BH",0.61,51.531542,0.0456663,360000.0,2018-09-14,0,1,0,0,0,1,1,0,0,0,1,0,0,0,0,0,0,0,0,1,0,0,0,0,0,0,0,0
119,"10 Bedwell Road, London, N17 7AH",0.61,51.6005676,-0.0788432,390000.0,2018-09-14,0,1,0,0,0,1,1,0,0,0,1,0,0,0,0,0,0,0,0,1,0,0,0,0,0,0,0,0
120,"20a Devonport Road, London, W12 8NY",0.52,51.5031669,-0.2306144,420000.0,2018-09-14,0,1,0,1,0,0,0,1,0,0,1,0,0,0,0,0,0,0,0,1,0,0,0,0,0,0,0,0
121,"155 Mornington Road, Leytonstone, London, E11 3DT",0.72,51.5659694,0.0135066,810000.0,2018-09-14,0,1,0,0,0,1,1,0,0,0,1,0,0,0,0,0,0,0,0,1,0,0,0,0,0,0,0,0
122,"Flat 1 40 Hammersmith Grove, London, W6 7HA",0.61,51.4958093,-0.2266855,767000.0,2018-09-14,0,1,0,1,0,0,0,1,0,0,1,0,0,0,0,0,0,0,0,1,0,0,0,0,0,0,0,0
123,"16a Packington Street, London, N1 8QB",0.52,51.536868,-0.0985681,1200000.0,2018-09-14,0,1,0,0,0,1,0,1,0,0,1,0,0,0,0,0,0,0,0,0,0,0,0,0,1,0,0,0
124,"9 Lyndhurst Road, London, E4 9JU",0.52,51.6037572,-0.0038373,535000.0,2018-09-14,0,1,0,0,0,1,1,0,0,0,1,0,0,0,0,0,0,0,0,1,0,0,0,0,0,0,0,0
125,"29a Elder Avenue, London, N8 8PS",0.61,51.5814508,-0.1226168,495000.0,2018-09-14,0,1,0,1,0,0,0,1,0,0,1,0,0,0,0,0,0,0,0,1,0,0,0,0,0,0,0,0
126,"50 Kings Head Hill, London, E4 7LY",0.62,51.6340758,-0.0094493,515000.0,2018-09-14,0,1,0,0,0,1,1,0,0,0,1,0,0,0,0,0,0,1,0,0,0,0,0,0,0,0,0,0
127,"18 Millard Close, London, N16 8UU",0.51,51.5510532,-0.0775982,450000.0,2018-09-14,0,1,0,1,0,0,0,1,0,0,1,0,0,0,0,0,0,0,0,1,0,0,0,0,0,0,0,0
128,"Flat 5 55 Navarino Road, London, E8 1AG",0.61,51.5474213,-0.0634368,422500.0,2018-09-14,0,1,0,1,0,0,0,1,0,0,1,0,0,0,0,0,0,0,0,1,0,0,0,0,0,0,0,0
129,"23 Stanley Road, London, E12 6RL",0.51,51.5462545,0.048916,400000.0,2018-09-14,0,1,0,0,0,1,1,0,0,0,1,0,0,0,0,0,0,0,0,1,0,0,0,0,0,0,0,0
130,"39 Kingswood Avenue, London, NW6 6LS",0.521,51.5378329,-0.210104355322,3200000.0,2018-09-14,0,1,0,0,0,1,1,0,0,1,0,0,0,0,0,0,0,0,0,0,0,0,0,0,0,0,0,1
131,"16 Breer Street, London, SW6 3HD",0.51,51.4670109,-0.1907267,900000.0,2018-09-14,0,1,0,0,0,1,1,0,0,0,1,0,0,0,0,0,0,0,0,1,0,0,0,0,0,0,0,0
132,"50 Mottingham Lane, London, SE12 9AW",0.51,51.4449797,0.0305148,491275.0,2018-09-14,0,1,1,0,0,0,1,0,0,0,1,0,0,0,0,0,0,0,0,0,0,0,0,0,1,0,0,0
133,"45 Queenswood Gardens, London, E11 3SE",0.61,51.564466,0.026566,325000.0,2018-09-14,0,1,0,1,0,0,0,1,0,0,1,0,0,0,0,0,0,0,0,0,0,0,0,0,0,0,1,0
134,"26 Parkside, London, NW7 2LH",0.52,51.6110628,-0.23763,1275000.0,2018-09-14,0,1,1,0,0,0,1,0,0,0,1,0,0,0,0,0,0,0,0,1,0,0,0,0,0,0,0,0
135,"166 Shernhall Street, London, E17 9HZ",0.531,51.5822172,-0.0037722,675000.0,2018-09-14,0,1,0,0,0,1,1,0,0,0,0,1,0,0,0,1,0,0,0,0,0,0,0,0,0,0,0,0
136,"34 Brodie Road, London, E4 7HF",0.421,51.6665134,-0.0851736,660000.0,2018-09-14,0,1,0,0,0,1,1,0,0,0,0,1,0,0,0,1,0,0,0,0,0,0,0,0,0,0,0,0
137,"21 Wyndham Road, London, E6 1AU",0.52,51.5387957,0.0393414,375000.0,2018-09-14,0,1,0,0,0,1,1,0,0,0,1,0,0,0,0,0,0,0,0,1,0,0,0,0,0,0,0,0
138,"16 Capel Close, London, N20 0QU",0.61,51.625207,-0.1746984,345000.0,2018-09-14,0,1,0,1,0,0,0,1,0,0,1,0,0,0,0,0,0,0,0,1,0,0,0,0,0,0,0,0
139,"89 Avondale Road, London, SW14 8PU",0.61,51.46841,-0.2594449,650000.0,2018-09-14,0,1,0,1,0,0,0,1,0,0,1,0,0,0,0,0,0,0,0,1,0,0,0,0,0,0,0,0
140,"8 Larnach Road, London, W6 9NX",0.61,51.4843772,-0.2203941,1100000.0,2018-09-14,0,1,0,0,0,1,1,0,0,0,1,0,0,0,0,0,0,0,0,1,0,0,0,0,0,0,0,0
141,"16 Samantha Close, London, E17 8EU",0.52,51.5730585,-0.0289735,448500.0,2018-09-14,0,1,1,0,0,0,1,0,0,0,1,0,0,0,0,0,0,0,0,1,0,0,0,0,0,0,0,0
142,"35 Palmerston Road, London, SW14 7QA",0.521,51.46231305,-0.270664464457,1309250.0,2018-09-14,0,1,0,0,0,1,1,0,0,1,0,0,0,0,0,0,0,0,0,0,0,0,0,0,0,0,0,1
143,"48 Maresfield Gardens, London, NW3 5RX",0.51,51.5502992,-0.177714,3625000.0,2018-09-14,0,1,1,0,0,0,1,0,0,0,1,0,0,0,0,0,0,0,0,1,0,0,0,0,0,0,0,0
144,"58 Melrose Avenue, London, SW19 8BX",0.61,51.4379139,-0.2026404,1080000.0,2018-09-14,0,1,0,0,0,1,1,0,0,0,1,0,0,0,0,0,0,0,0,1,0,0,0,0,0,0,0,0
145,"42 Ashlone Road, London, SW15 1LR",0.51,51.471161,-0.2225329,900000.0,2018-09-14,0,1,0,0,0,1,1,0,0,0,1,0,0,0,0,0,0,0,0,1,0,0,0,0,0,0,0,0
146,"4 Chaucer Road, London, E11 2RE",0.61,51.5759289,0.02181,755000.0,2018-09-14,0,1,0,0,0,1,1,0,0,0,1,0,0,0,0,0,0,0,0,1,0,0,0,0,0,0,0,0
147,"84 Fordhook Avenue, London, W5 3LR",0.51,51.5103821,-0.2854376,1100000.0,2018-09-14,0,1,0,0,1,0,1,0,0,0,1,0,0,0,0,0,0,0,0,1,0,0,0,0,0,0,0,0
148,"55 Kinnoul Road, London, W6 8NG",0.61,51.4845805,-0.211298,1250000.0,2018-09-14,0,1,0,0,0,1,1,0,0,0,1,0,0,0,0,0,0,0,0,1,0,0,0,0,0,0,0,0
149,"310 Highbury New Park, London, N5 2LG",0.62,51.5481318,-0.0978084,475000.0,2018-09-14,0,1,0,1,0,0,0,1,0,0,1,0,0,0,0,0,0,0,0,0,0,0,0,0,1,0,0,0
150,"20 Purcell Crescent, London, SW6 7PB",0.61,51.4826766,-0.2156725,805000.0,2018-09-14,0,1,0,0,0,1,1,0,0,0,1,0,0,0,0,0,0,0,0,1,0,0,0,0,0,0,0,0
151,"48 Drakefield Road, London, SW17 8RP",0.521,51.4358384952,-0.155439180952,1850000.0,2018-09-14,0,1,0,0,0,1,1,0,0,0,0,1,0,0,0,1,0,0,0,0,0,0,0,0,0,0,0,0
152,"27 Minton Mews, London, NW6 1XX",0.61,51.54934,-0.1868989,385000.0,2018-09-14,0,1,0,1,0,0,0,1,0,0,1,0,0,0,0,0,0,0,0,1,0,0,0,0,0,0,0,0
153,"Unit 3 202 Blackstock Road, London, N5 1EN",0.41,51.5643225,-0.1037988,515000.0,2018-09-14,0,1,0,1,0,0,0,1,0,0,1,0,0,0,0,0,0,1,0,0,0,0,0,0,0,0,0,0
154,"51 Glenesk Road, London, SE9 1AH",0.61,51.45503,0.0654239,1475000.0,2018-09-14,0,1,1,0,0,0,1,0,0,0,1,0,0,0,0,0,0,0,0,1,0,0,0,0,0,0,0,0
155,"111 Calvert Road, London, SE10 0DG",0.51,51.4845029,0.0108156,705000.0,2018-09-14,0,1,0,0,0,1,1,0,0,0,1,0,0,0,0,0,0,0,0,1,0,0,0,0,0,0,0,0
156,"27 West Heath Road, London, SE2 0RU",0.71,51.4794111,0.1247476,410000.0,2018-09-14,0,1,0,0,0,1,1,0,0,0,1,0,0,0,0,0,0,0,0,1,0,0,0,0,0,0,0,0
157,"207 Popes Lane, London, W5 4NH",0.41,51.5008176,-0.2965231,930000.0,2018-09-14,0,1,0,0,1,0,1,0,0,0,1,0,0,0,0,0,0,0,0,0,0,1,0,0,0,0,0,0
158,"17 Cuckoo Avenue, London, W7 1BP",0.61,51.5261768,-0.3375589,570000.0,2018-09-14,0,1,0,0,0,1,1,0,0,0,1,0,0,0,0,0,0,0,0,1,0,0,0,0,0,0,0,0
159,"35 Lower Boston Road, London, W7 3TP",0.62,51.50723,-0.3409921,600000.0,2018-09-14,0,1,0,0,0,1,1,0,0,0,1,0,0,0,0,0,0,1,0,0,0,0,0,0,0,0,0,0
160,"51 Russet Crescent, London, N7 9TD",0.585,51.5526162,-0.1165839,588500.0,2018-09-14,0,1,0,0,0,1,1,0,0,0,1,0,0,0,0,0,0,0,0,0,0,0,1,0,0,0,0,0
161,"196 Boundary Road, London, N22 6AJ",0.61,51.5967418,-0.0935047,735000.0,2018-09-14,0,1,0,0,0,1,1,0,0,0,1,0,0,0,0,0,0,0,0,1,0,0,0,0,0,0,0,0
162,"19 Jessamine Road, London, W7 3SQ",0.61,51.5079732,-0.3376929,550000.0,2018-09-14,0,1,0,0,0,1,1,0,0,0,1,0,0,0,0,0,0,0,0,1,0,0,0,0,0,0,0,0
163,"3 Limes Avenue, London, NW7 3NY",0.421,51.6218524,-0.178495504657,990000.0,2018-09-14,0,1,1,0,0,0,1,0,0,1,0,0,0,0,0,0,0,0,0,0,0,0,0,0,0,0,0,1
164,"42 Listria Park, London, N16 5SL",0.521,51.5644782,-0.0746331,1132500.0,2018-09-14,0,1,0,0,0,1,1,0,0,0,0,1,0,0,0,1,0,0,0,0,0,0,0,0,0,0,0,0
165,"582 Rochester Way, London, SE9 1RL",0.51,51.460335,0.0487957,376150.0,2018-09-14,0,1,0,0,0,1,1,0,0,0,1,0,0,0,0,0,0,0,0,0,0,0,0,0,0,1,0,0
166,"272a Manchester Road, London, E14 3HW",0.51,51.4876954,-0.0104435,725000.0,2018-09-14,0,1,0,0,0,1,1,0,0,0,1,0,0,0,0,0,0,1,0,0,0,0,0,0,0,0,0,0
167,"3 Rocque Lane, London, SE3 9JN",0.71,51.465346,0.0129122,1495000.0,2018-09-14,0,1,0,0,1,0,1,0,0,0,1,0,0,0,0,0,0,0,0,1,0,0,0,0,0,0,0,0
168,"32 Gomm Road, London, SE16 2TX",0.61,51.4951345,-0.0532745,1132500.0,2018-09-14,0,1,0,0,0,1,1,0,0,0,1,0,0,0,0,0,0,0,0,1,0,0,0,0,0,0,0,0
169,"34 Howden Close, London, SE28 8HD",0.61,51.5051641,0.1242579,184995.0,2018-09-14,0,1,0,1,0,0,0,1,0,0,1,0,0,0,0,0,0,0,0,1,0,0,0,0,0,0,0,0
170,"11 Kempthorne Road, London, SE8 3QD",0.61,51.4914193,-0.0355079,272500.0,2018-09-14,0,1,0,1,0,0,0,1,0,0,1,0,0,0,0,0,0,0,0,1,0,0,0,0,0,0,0,0
171,"26 Arnulls Road, London, SW16 3EP",0.51,51.420506,-0.1086296,660000.0,2018-09-14,0,1,0,0,1,0,1,0,0,0,1,0,0,0,0,0,0,0,0,1,0,0,0,0,0,0,0,0
172,"4a Louisville Road, London, SW17 8RW",0.421,51.4356920649,-0.156722114035,695000.0,2018-09-14,0,1,0,1,0,0,0,1,0,0,0,1,0,0,0,1,0,0,0,0,0,0,0,0,0,0,0,0
173,"25a Nutcroft Road, London, SE15 1AG",0.51,51.4784836,-0.0629377,390000.0,2018-09-14,0,1,0,1,0,0,0,1,0,0,1,0,0,0,0,0,0,0,0,1,0,0,0,0,0,0,0,0
174,"75 Erlanger Road, London, SE14 5TQ",0.51,51.470251,-0.0463563,1310000.0,2018-09-14,0,1,0,0,1,0,1,0,0,0,1,0,0,0,0,0,0,0,0,1,0,0,0,0,0,0,0,0
175,"11 Neckinger Estate, London, SE16 3QH",0.52,51.4958992,-0.0732574,361201.0,2018-09-14,0,1,0,1,0,0,0,1,0,0,1,0,0,0,0,0,0,0,0,1,0,0,0,0,0,0,0,0
176,"24 Grosvenor Gardens, London, SW14 8BY",0.621,51.4660779,-0.256473785083,991856.0,2018-09-14,0,1,0,0,0,1,1,0,0,1,0,0,0,0,0,0,0,0,0,0,0,0,0,0,0,0,0,1
177,"42c Culverden Road, London, SW12 9LS",0.421,51.4384693,-0.1428241,450000.0,2018-09-14,0,1,0,1,0,0,0,1,0,0,0,1,0,0,0,1,0,0,0,0,0,0,0,0,0,0,0,0
178,"58 Woodbourne Avenue, London, SW16 1UT",0.51,51.4332038,-0.1339759,1320000.0,2018-09-14,0,1,0,0,1,0,1,0,0,0,1,0,0,0,0,0,0,0,0,1,0,0,0,0,0,0,0,0
179,"44 Larchwood Road, London, SE9 3SF",0.51,51.434802,0.0689713,480000.0,2018-09-14,0,1,0,1,0,0,1,0,0,0,1,0,0,0,0,0,0,0,0,1,0,0,0,0,0,0,0,0
180,"25 Princes Road, London, SW14 8PE",0.521,51.46645225,-0.261284964587,650000.0,2018-09-14,0,1,0,0,0,1,1,0,0,1,0,0,0,0,0,0,0,0,0,0,0,0,0,0,0,0,0,1
181,"Flat 2 8 Mowbray Road, London, SE19 2RN",0.61,51.4128963,-0.0765079,490000.0,2018-09-14,0,1,0,1,0,0,0,1,0,0,1,0,0,0,0,0,0,0,0,1,0,0,0,0,0,0,0,0
182,"130 Royal Hill, London, SE10 8SS",0.61,51.4753108,-0.0121258,555000.0,2018-09-14,0,1,0,0,0,1,1,0,0,0,1,0,0,0,0,0,0,0,0,1,0,0,0,0,0,0,0,0
183,"64 Eland Road, London, SW11 5JY",0.52,51.4656996,-0.1600142,930000.0,2018-09-14,0,1,0,0,0,1,1,0,0,0,1,0,0,0,0,0,0,0,0,1,0,0,0,0,0,0,0,0
184,"54 Greenland Quay, London, SE16 7RW",0.61,51.4935243,-0.0418757,850000.0,2018-09-14,0,1,0,0,0,1,1,0,0,0,1,0,0,0,0,0,0,0,0,1,0,0,0,0,0,0,0,0
185,"2 Ripley Gardens, London, SW14 8HF",0.61,51.4681908,-0.2604148,860000.0,2018-09-14,0,1,0,0,0,1,1,0,0,0,1,0,0,0,0,0,0,0,0,1,0,0,0,0,0,0,0,0
186,"5 Lynn Road, London, SW12 9LB",0.51,51.450342,-0.1463159,590000.0,2018-09-14,0,1,0,1,0,0,0,1,0,0,1,0,0,0,0,0,0,0,0,1,0,0,0,0,0,0,0,0
187,"26b Gleneldon Road, Streatham, London, SW16 2AY",0.51,51.4282433,-0.1250126,435000.0,2018-09-14,0,1,0,1,0,0,0,1,0,0,1,0,0,0,0,0,0,0,0,1,0,0,0,0,0,0,0,0
188,"30 Hall Drive, London, SE26 6XB",0.51,51.4255813,-0.0588481,875000.0,2018-09-14,0,1,0,0,0,1,1,0,0,0,1,0,0,0,0,0,0,0,0,1,0,0,0,0,0,0,0,0
189,"18 University Road, London, SW19 2BX",0.51,51.4202461,-0.1766203,575000.0,2018-09-14,0,1,0,1,0,0,0,1,0,0,1,0,0,0,0,0,0,0,0,1,0,0,0,0,0,0,0,0
190,"20 Montague Road, London, SW19 1SY",0.321,51.6273038429,-0.0459032571429,1950000.0,2018-09-14,0,1,0,0,1,0,1,0,0,0,0,1,0,0,0,1,0,0,0,0,0,0,0,0,0,0,0,0
191,"27 Evelyn Road, London, SW19 8NU",0.421,51.5836240333,-0.00521275,965000.0,2018-09-14,0,1,0,0,0,1,1,0,0,0,0,1,0,0,0,1,0,0,0,0,0,0,0,0,0,0,0,0
192,"78c The Chase, London, SW4 0NG",0.51,51.4638548,-0.1463135,535000.0,2018-09-14,0,1,0,1,0,0,0,1,0,0,1,0,0,0,0,0,0,0,0,1,0,0,0,0,0,0,0,0
193,"466a Baring Road, London, SE12 0EG",0.51,51.4307622,0.0213121,217500.0,2018-09-14,0,1,0,1,0,0,0,1,0,0,1,0,0,0,0,0,0,1,0,0,0,0,0,0,0,0,0,0
194,"61 Brailsford Road, London, SW2 2TB",0.51,51.4538924,-0.1124406,537000.0,2018-09-14,0,1,0,1,0,0,0,1,0,0,1,0,0,0,0,0,0,0,0,0,0,0,0,0,0,0,1,0
195,"1 Ashbury Place, London, SW19 8TQ",0.61,51.4224472,-0.1889599,891000.0,2018-09-14,0,1,0,0,1,0,1,0,0,0,1,0,0,0,0,0,0,0,0,1,0,0,0,0,0,0,0,0
196,"75 Wakehurst Road, London, SW11 6DA",0.52,51.4581288,-0.1606205,1650000.0,2018-09-14,0,1,0,0,1,0,1,0,0,0,1,0,0,0,0,0,0,0,0,1,0,0,0,0,0,0,0,0
197,"147 Clarence Crescent, London, SW4 8LN",0.51,51.4507219,-0.1332662,445000.0,2018-09-14,0,1,0,1,0,0,0,1,0,0,1,0,0,0,0,0,0,0,0,1,0,0,0,0,0,0,0,0
198,"13 Clifden Road, London, E5 0LL",0.51,51.5517747,-0.0463428,987500.0,2018-09-14,0,1,0,0,0,1,1,0,0,0,1,0,0,0,0,0,0,0,0,1,0,0,0,0,0,0,0,0
199,"29 Brocklebank Road, London, SW18 3AP",0.61,51.4488209,-0.1850996,1145000.0,2018-09-14,0,1,0,0,0,1,1,0,0,0,1,0,0,0,0,0,0,0,0,1,0,0,0,0,0,0,0,0
200,"40 St Georges Road, London, SW19 4ED",0.521,51.41991885,-0.210187939132,1350000.0,2018-09-14,0,1,0,0,1,0,1,0,0,1,0,0,0,0,0,0,0,0,0,0,0,0,0,0,0,0,0,1
201,"35 Rowena Crescent, London, SW11 2PT",0.51,51.4702473,-0.1678087,990000.0,2018-09-14,0,1,0,0,0,1,1,0,0,0,1,0,0,0,0,0,0,0,0,1,0,0,0,0,0,0,0,0
202,"121 Dunlace Road, London, E5 0NG",0.531,51.5529089968,-0.0424519,930000.0,2018-09-14,0,1,0,0,0,1,1,0,0,0,0,1,0,0,0,1,0,0,0,0,0,0,0,0,0,0,0,0
203,"Flat 2 36 Marlborough Road, London, N19 4NB",0.51,51.5647981,-0.1268136,275000.0,2018-09-14,0,1,0,1,0,0,0,1,0,0,1,0,0,0,0,0,0,0,0,0,0,0,0,0,1,0,0,0
204,"23 Newton Road, London, W2 5JR",0.61,51.5162161,-0.1909591,3300000.0,2018-09-14,0,1,0,0,0,1,1,0,0,0,1,0,0,0,0,0,0,0,0,1,0,0,0,0,0,0,0,0
205,"127 Wilmot Street, London, E2 0BU",0.51,51.5255842,-0.059182,560000.0,2018-09-14,0,1,0,1,0,0,0,1,0,0,1,0,0,0,0,0,0,0,0,1,0,0,0,0,0,0,0,0
206,"38 Heathfield Gardens, London, W4 4JX",0.61,51.4895972,-0.2690127,6109950.0,2018-09-14,0,1,0,0,1,0,1,0,0,0,1,0,0,0,0,0,0,0,0,1,0,0,0,0,0,0,0,0
207,"299 Portobello Road, London, W10 5TD",0.521,51.51923025,-0.207735906934,1125000.0,2018-09-14,0,1,0,0,0,1,1,0,1,0,0,0,0,0,0,0,0,0,0,0,1,0,0,0,0,0,0,0
208,"166 Sebert Road, London, E7 0NN",0.61,51.5510157,0.030486,610000.0,2018-09-14,0,1,0,0,1,0,1,0,0,0,1,0,0,0,0,0,0,0,0,1,0,0,0,0,0,0,0,0
209,"22 Temple Sheen, London, SW14 7RP",0.52,51.461255,-0.2738176,1550000.0,2018-09-14,0,1,1,0,0,0,1,0,0,0,1,0,0,0,0,0,0,0,0,1,0,0,0,0,0,0,0,0
210,"24 Vandyke Cross, London, SE9 6DE",0.61,51.4528893,0.0426436,400000.0,2018-09-14,0,1,0,0,1,0,1,0,0,0,1,0,0,0,0,0,0,0,0,1,0,0,0,0,0,0,0,0
211,"154 Caledonian Road, London, N1 9RD",0.521,51.5345048,-0.1168376,1725000.0,2018-09-14,0,1,1,0,0,0,1,0,0,1,0,0,0,0,0,0,0,0,0,0,0,0,0,0,0,0,0,1
212,"Flat 6 55 Ebury Street, London, SW1W 0PA",0.51,51.4924996,-0.1512082,2600000.0,2018-09-14,0,1,0,1,0,0,0,1,0,0,1,0,0,0,0,0,0,0,0,1,0,0,0,0,0,0,0,0
213,"59 Roma Road, London, E17 6HA",0.531,51.5902772932,-0.0326260965767,465000.0,2018-09-13,0,1,0,0,0,1,1,0,0,0,0,1,0,0,0,1,0,0,0,0,0,0,0,0,0,0,0,0
214,"47 The Drive, Walthamstow, London, E17 3DF",0.631,51.5891485,-0.0097462,915000.0,2018-09-13,0,1,0,0,1,0,1,0,0,0,0,1,0,0,0,1,0,0,0,0,0,0,0,0,0,0,0,0
215,"11 Northumberland Road, London, E6 5RN",0.61,51.5136399,0.0517684,162000.0,2018-09-13,0,1,0,1,0,0,0,1,0,0,1,0,0,0,0,0,0,0,0,1,0,0,0,0,0,0,0,0
216,"18 Drysdale Avenue, London, E4 7NJ",0.52,51.6376311,-0.009246,407000.0,2018-09-13,0,1,0,0,1,0,1,0,0,0,1,0,0,0,0,0,0,0,0,1,0,0,0,0,0,0,0,0
217,"Flat 4 24 Bickerton Road, London, N19 5JS",0.51,51.5627248,-0.13857,490000.0,2018-09-13,0,1,0,1,0,0,0,1,0,0,1,0,0,0,0,0,0,0,0,1,0,0,0,0,0,0,0,0
218,"16 Byron Road, London, E17 4SW",0.531,51.5876599,-0.0173935764045,550000.0,2018-09-13,0,1,0,0,0,1,1,0,0,1,0,0,0,0,0,0,0,0,0,0,0,0,0,0,0,0,0,1
219,"104 Friars Walk, London, N14 5LH",0.51,51.6383795,-0.1426772,356000.0,2018-09-13,0,1,0,0,1,0,1,0,0,0,1,0,0,0,0,0,0,0,0,1,0,0,0,0,0,0,0,0
220,"80 Lansdowne Road, London, W11 2LS",0.421,51.576844755,-0.021750955,6350000.0,2018-09-13,0,1,0,0,0,1,1,0,0,0,0,1,0,0,0,1,0,0,0,0,0,0,0,0,0,0,0,0
221,"50 Elliscombe Road, London, SE7 7PY",0.61,51.4820921,0.0329811,810000.0,2018-09-13,0,1,0,0,0,1,1,0,0,0,1,0,0,0,0,0,0,0,0,1,0,0,0,0,0,0,0,0
222,"37 Bedwardine Road, London, SE19 3AS",0.51,51.4175505,-0.0851106,383000.0,2018-09-13,0,1,0,1,0,0,0,1,0,0,1,0,0,0,0,0,0,0,0,1,0,0,0,0,0,0,0,0
223,"68 Chelsea Park Gardens, London, SW3 6AE",0.61,51.4851485,-0.1778355,5800000.0,2018-09-13,0,1,0,0,0,1,1,0,0,0,1,0,0,0,0,0,0,0,0,1,0,0,0,0,0,0,0,0
224,"12a Lake Close, London, SW19 7EG",0.41,51.5571421,0.1266231,497000.0,2018-09-13,0,1,0,1,0,0,0,1,0,0,1,0,0,0,0,0,0,0,0,1,0,0,0,0,0,0,0,0
225,"78a Royal Hospital Road, London, SW3 4HN",0.71,51.4869153,-0.1600772,690000.0,2018-09-13,0,1,0,1,0,0,1,0,0,0,1,0,0,0,0,0,0,0,0,0,0,1,0,0,0,0,0,0
226,"12 Connaught Road, London, N4 4NS",0.421,51.3750588,-0.1811216,1075000.0,2018-09-13,0,1,0,0,0,1,1,0,0,0,0,1,0,0,0,1,0,0,0,0,0,0,0,0,0,0,0,0
227,"10e Randolph Crescent, London, W9 1DR",0.52,51.5255006,-0.1823393,1418000.0,2018-09-13,0,1,0,1,0,0,0,1,0,0,1,0,0,0,0,0,0,0,0,1,0,0,0,0,0,0,0,0
228,"8 Bath Close, London, SE15 2JP",0.61,51.4760244,-0.0575777,346500.0,2018-09-13,0,1,0,1,0,0,0,1,0,0,1,0,0,0,0,0,0,0,0,1,0,0,0,0,0,0,0,0
229,"74 Clitherow Avenue, London, W7 2BT",0.51,51.5003931,-0.3265505,845000.0,2018-09-13,0,1,0,0,0,1,1,0,0,0,1,0,0,0,0,0,0,0,0,1,0,0,0,0,0,0,0,0
230,"1 Warren Close, London, N9 8QE",0.61,51.6335532,-0.0414493,497500.0,2018-09-13,0,1,0,0,0,1,1,0,0,0,1,0,0,0,0,0,0,0,0,1,0,0,0,0,0,0,0,0
231,"16 Ashen Grove, London, SW19 8BN",0.61,51.4378244,-0.1993966,895000.0,2018-09-13,0,1,0,0,0,1,1,0,0,0,1,0,0,0,0,0,0,0,0,1,0,0,0,0,0,0,0,0
232,"Flat 2 55 Aberdare Gardens, London, NW6 3AL",0.51,51.542094,-0.1850113,295000.0,2018-09-13,0,1,0,1,0,0,0,1,0,0,1,0,0,0,0,0,0,0,0,1,0,0,0,0,0,0,0,0
233,"80 Alston Road, London, SW17 0TP",0.51,51.4290282,-0.1784894,805000.0,2018-09-13,0,1,0,0,1,0,1,0,0,0,1,0,0,0,0,0,0,0,0,1,0,0,0,0,0,0,0,0
234,"13 Raymond Avenue, London, W13 9UY",0.421,51.5912850385,0.0158896307692,930000.0,2018-09-13,0,1,0,0,1,0,1,0,0,0,0,1,0,0,0,1,0,0,0,0,0,0,0,0,0,0,0,0
235,"124 Dale View Crescent, London, E4 6PG",0.62,51.6221504,-0.0023579,542000.0,2018-09-13,0,1,0,0,1,0,1,0,0,0,1,0,0,0,0,0,0,0,0,1,0,0,0,0,0,0,0,0
236,"41 Lytham Street, London, SE17 2PN",0.52,51.4853358,-0.0913174,538000.0,2018-09-13,0,1,0,0,0,1,1,0,0,0,1,0,0,0,0,0,0,0,0,1,0,0,0,0,0,0,0,0
237,"56 Selby Road, London, SE20 8ST",0.521,51.4053827,-0.0687878,342500.0,2018-09-13,0,1,0,0,0,1,1,0,0,1,0,0,0,0,0,0,0,0,0,0,0,0,0,0,0,0,0,1
238,"146 Alderwood Road, London, SE9 2LQ",0.61,51.447366,0.0845081,408000.0,2018-09-13,0,1,0,0,0,1,1,0,0,0,1,0,0,0,0,0,0,0,0,1,0,0,0,0,0,0,0,0
239,"58 Stanmore Road, London, N15 3PS",0.61,51.58806,-0.0967732,850000.0,2018-09-13,0,1,0,0,0,1,1,0,0,0,1,0,0,0,0,0,0,0,0,0,0,0,0,0,1,0,0,0
240,"1 Beech Close, London, SW19 4TU",0.421,51.3772148,-0.1676062,1150000.0,2018-09-13,0,1,0,0,0,1,1,0,0,0,0,1,0,0,0,1,0,0,0,0,0,0,0,0,0,0,0,0
241,"33 Linkway, London, SW20 9AT",0.43,51.4032309,-0.2343814,935000.0,2018-09-13,0,1,0,0,1,0,0,1,0,0,1,0,0,0,0,0,0,0,0,1,0,0,0,0,0,0,0,0
242,"17 Broomfield Road, London, W13 9AP",0.61,51.5106904,-0.3167115,750000.0,2018-09-13,0,1,0,0,0,1,1,0,0,0,1,0,0,0,0,0,0,0,0,1,0,0,0,0,0,0,0,0
243,"289a Green Lanes, London, N4 2TU",0.311,51.5888395465,-0.101698781404,700000.0,2018-09-12,0,1,0,1,0,0,0,1,0,0,0,1,0,0,0,1,0,0,0,0,0,0,0,0,0,0,0,0
244,"20 Brownlow Road, London, N3 1NA",0.61,51.6070899,-0.1860344,470000.0,2018-09-12,0,1,0,1,0,0,0,1,0,0,1,0,0,0,0,0,0,0,0,1,0,0,0,0,0,0,0,0
245,"11 Ormonde Gate, London, SW3 4EU",0.51,51.4866957,-0.1611354,13650000.0,2018-09-12,0,1,0,0,0,1,1,0,0,0,1,0,0,0,0,0,0,0,0,1,0,0,0,0,0,0,0,0
246,"Flat 2 4 Ladbroke Square, London, W11 3LX",0.549582974472,51.5102689,-0.2020614,3308500.0,2018-09-12,0,1,0,1,0,0,0,1,0,0,1,0,0,0,0,0,0,0,0,1,0,0,0,0,0,0,0,0
247,"46 Weymouth Avenue, London, W5 4SB",0.621,51.4995525278,-0.308990488889,1004150.0,2018-09-12,0,1,0,0,0,1,1,0,0,0,0,1,0,0,0,1,0,0,0,0,0,0,0,0,0,0,0,0
248,"42 Avondale Avenue, London, N12 8EN",0.421,51.6339021,-0.156992296356,945000.0,2018-09-12,0,1,0,0,1,0,1,0,0,1,0,0,0,0,0,0,0,0,0,0,0,0,0,0,0,0,0,1
249,"5 Cumberland Place, London, SE6 1LA",0.61,51.44189,0.0078081,325000.0,2018-09-12,0,1,0,0,0,1,1,0,0,0,1,0,0,0,0,0,0,0,0,1,0,0,0,0,0,0,0,0
250,"22 Florence Road, Plaistow, London, E13 0DW",0.63,51.528901,0.0170442,374000.0,2018-09-12,0,1,0,0,0,1,1,0,0,0,1,0,0,0,0,0,1,0,0,0,0,0,0,0,0,0,0,0
251,"12a Annesley Road, London, SE3 0JX",0.61,51.4730596,0.0235453,475000.0,2018-09-12,0,1,0,1,0,0,0,1,0,0,1,0,0,0,0,0,0,0,0,1,0,0,0,0,0,0,0,0
252,"203 Clive Road, London, SE21 8DG",0.51,51.430727,-0.090553,1635000.0,2018-09-12,0,1,0,0,1,0,1,0,0,0,1,0,0,0,0,0,0,0,0,1,0,0,0,0,0,0,0,0
253,"28a Westbourne Grove, London, W2 5RH",0.671239300279,51.5151716,-0.1939312,840000.0,2018-09-12,0,1,0,0,0,1,0,1,0,0,1,0,0,0,0,0,0,1,0,0,0,0,0,0,0,0,0,0
254,"52 Home Park Road, London, SW19 7HN",0.71,51.433135,-0.199302,1500000.0,2018-09-12,0,1,0,0,1,0,1,0,0,0,1,0,0,0,0,0,0,0,0,0,0,0,0,0,1,0,0,0
255,"34 Eswyn Road, London, SW17 8TP",0.51,51.4273528,-0.1615309,760000.0,2018-09-12,0,1,0,0,0,1,1,0,0,0,1,0,0,0,0,0,0,0,0,1,0,0,0,0,0,0,0,0
256,"6 Cuckoo Hall Lane, London, N9 8DJ",0.61,51.6363713,-0.0475243,470000.0,2018-09-12,0,1,0,0,0,1,1,0,0,0,1,0,0,0,0,0,0,0,0,1,0,0,0,0,0,0,0,0
257,"12 Sandlings Close, London, SE15 3SY",0.621,51.4680493,-0.0643350633515,248500.0,2018-09-12,0,1,0,1,0,0,0,1,0,1,0,0,0,0,0,0,0,0,0,0,0,0,0,0,0,0,0,1
258,"43 Canterbury Grove, London, SE27 0NX",0.51,51.4319772,-0.1119539,700000.0,2018-09-12,0,1,0,0,0,1,1,0,0,0,1,0,0,0,0,0,0,0,0,1,0,0,0,0,0,0,0,0
259,"50 Belgrave Road, Walthamstow, London, E17 8QE",0.631,51.5782114158,-0.0202563368421,621000.0,2018-09-12,0,1,0,0,0,1,1,0,0,0,0,1,0,0,0,1,0,0,0,0,0,0,0,0,0,0,0,0
260,"173 Plough Way, London, SE16 7FN",0.51,51.4924095,-0.0417934,630000.0,2018-09-12,0,1,0,0,1,0,1,0,0,0,1,0,0,0,0,0,0,0,0,0,0,1,0,0,0,0,0,0
261,"54 Stormont Road, London, SW11 5EL",0.52,51.4635339,-0.1560875,1070000.0,2018-09-12,0,1,0,0,0,1,1,0,0,0,1,0,0,0,0,0,0,0,0,1,0,0,0,0,0,0,0,0
262,"45 Beacon Gate, London, SE14 5UB",0.61,51.4666416,-0.0501377,244000.0,2018-09-12,0,1,0,1,0,0,0,1,0,0,1,0,0,0,0,0,0,0,0,1,0,0,0,0,0,0,0,0
263,"6 Hope Close, London, N1 2YS",0.51,51.5843152,0.1280176,1375000.0,2018-09-12,0,1,0,0,0,1,1,0,0,0,1,0,0,0,0,0,0,0,0,1,0,0,0,0,0,0,0,0
264,"198a Crystal Palace Road, London, SE22 9EP",0.61,51.4506777,-0.0746717,425000.0,2018-09-12,0,1,0,1,0,0,0,1,0,0,1,0,0,0,0,0,0,0,0,1,0,0,0,0,0,0,0,0
265,"39a Kings Road, London, E6 1DY",0.51,51.5351037,0.0359206,240000.0,2018-09-12,0,1,0,1,0,0,0,1,0,0,1,0,0,0,0,0,0,0,0,1,0,0,0,0,0,0,0,0
266,"23 Shepherds Walk, London, NW2 7BS",0.51,51.5671481,-0.2401299,465000.0,2018-09-12,0,1,0,0,0,1,1,0,0,0,1,0,0,0,0,0,0,0,0,1,0,0,0,0,0,0,0,0
267,"96 Oakways, Eltham, London, SE9 2NZ",0.62,51.449789,0.0660225,330000.0,2018-09-12,0,1,0,1,0,0,0,1,0,0,1,0,0,0,0,0,0,0,0,1,0,0,0,0,0,0,0,0
268,"67a Broadway Market, London, E8 4PH",0.706615655401,51.5357372,-0.0622394,420000.0,2018-09-12,0,1,0,1,0,0,0,1,0,0,1,0,0,0,0,0,0,0,0,0,0,0,0,0,1,0,0,0
269,"28 Luton Road, London, E17 5LN",0.531,51.5901762676,-0.0301965794118,592000.0,2018-09-12,0,1,0,0,0,1,1,0,0,0,0,1,0,0,0,1,0,0,0,0,0,0,0,0,0,0,0,0
270,"32a Pyrland Road, London, N5 2JD",0.51,51.5504631,-0.0864851,842000.0,2018-09-12,0,1,0,1,0,0,0,1,0,0,1,0,0,0,0,0,0,0,0,1,0,0,0,0,0,0,0,0
271,"100 Bonneville Gardens, London, SW4 9LE",0.61,51.4533109,-0.14101,645000.0,2018-09-12,0,1,0,1,0,0,0,1,0,0,1,0,0,0,0,0,0,0,0,1,0,0,0,0,0,0,0,0
272,"55 Herne Hill, London, SE24 9NE",0.761139325579,51.4554407,-0.1001002,1100000.0,2018-09-12,0,1,0,0,0,1,1,0,0,0,0,1,0,0,0,0,0,0,0,0,0,0,0,1,0,0,0,0
273,"3 Stroud Road, London, SW19 8DQ",0.51,51.4366763,-0.1990621,1150000.0,2018-09-12,0,1,0,0,0,1,1,0,0,0,1,0,0,0,0,0,0,0,0,1,0,0,0,0,0,0,0,0
274,"9 Portelet Road, London, E1 4EL",0.51,51.5248745,-0.0460281,730000.0,2018-09-12,0,1,0,0,0,1,1,0,0,0,1,0,0,0,0,0,0,0,0,1,0,0,0,0,0,0,0,0
275,"44 Highcroft Gardens, London, NW11 0LX",0.51,51.5792767,-0.200552,1210000.0,2018-09-12,0,1,1,0,0,0,1,0,0,0,1,0,0,0,0,0,0,0,0,1,0,0,0,0,0,0,0,0
276,"140 Haydon Park Road, London, SW19 8JT",0.62,51.4266776,-0.1946017,860000.0,2018-09-12,0,1,0,0,0,1,1,0,0,0,1,0,0,0,0,0,0,0,0,1,0,0,0,0,0,0,0,0
277,"4 Gruneisen Road, London, N3 1LU",0.61,51.6067464,-0.1869444,660000.0,2018-09-12,0,1,0,0,0,1,1,0,0,0,1,0,0,0,0,0,0,0,0,1,0,0,0,0,0,0,0,0
278,"31 Ramillies Road, London, W4 1JW",0.52,51.498038,-0.260887,1300000.0,2018-09-12,0,1,0,0,1,0,1,0,0,0,1,0,0,0,0,0,0,0,0,1,0,0,0,0,0,0,0,0
279,"48 West Heath Drive, London, NW11 7QH",0.61,51.5699572,-0.1933784,1875000.0,2018-09-12,0,1,0,0,1,0,1,0,0,0,1,0,0,0,0,0,0,0,0,1,0,0,0,0,0,0,0,0
